FU4YZHFLPQ3H,(주)쿠디
ADEYUFCWNGNA,101do
EKP8K6RC6EFE,1m shelter
U72YBBYKFWPF,21세기트랜드
NSZF7UKL89DT,21센추리
ZQVTESBBV9R9,365할인샵
UYAC6Z6A4ZX9,800도씨
JKFSCTDM3QSX,88camping
WFAGVQRACM2K,ABC
YLFEEGPJJ324,ALOCS
92BMFZFB5RD7,AMG 티타늄
QE6APBV8BVQD,BASEUS
D3M8YU84MNZ4,Bulin
BYX7V772H43H,CAPERLAN
SXYLVK7GYEXY,Carinthia
2VX7MXHBBZRR,DK코리아
95JEM4SWXZWJ,ECOFLOW
XVAM4UX54HH5,ENO
K2TQ3YYRW4QK,ETN
YNJAWE7EPFR2,EZBUY
4BGREPQ2FXNR,FEBORY
MCPPW65CQXVP,FLIKR
WWTNBD66QKZZ,Fatboy
4TWCLK76YU5L,Fatboy(팻보이)
JZFC9EEFZLCW,Flextailgear
QN6WCYHPT5C9,GSI
QFXXH5XBWC5L,Gee
EL3FPAL5PBLJ,HAILY(헤일리)
W2U6KPKXJTTV,HICKIES
KQSU6WVTC2ZS,JS리빙
U98L33E6GD8M,KEEP
XS6HLXXBKK37,KOA캠핑
BH2XE7RGP9HV,MY.K
R95QFWU63NB3,NABI CAMPING 나비캠핑
QSTC9Y9KA93S,Naturehike
L7APZB8W5LQR,Nolgo
UFAW346K362A,OMT
5KJBQR763ABE,PN풍년
MS22HFMYWEDN,PQRLIFE
DHWHXN7K6F3R,Polarbox
PJWCT552H6KU,Postgeneral
GAFA7FKM8XDJ,RHINO
L9XBGVJTDBBA,Rogarden
XW454DJATBXS,SOG
E36UCVZW7SNM,SUPERNOVA
5BD8KE9HYC2Y,Stow
28YR5A3VPHFN,TS-77
LZ572X8FAG5M,UFO
TAKEMYJUQ358,UNDUK
CD2ZBTPS45FZ,VEGA
GVBGT4KFP773,VODM
T2U89W39YC52,WISELAB
6M8YRYAY2CJZ,WMF
BL7MJLN2TC2W,XERO
FXD32PESW52H,YOMI
K3D94ABUCRYZ,ZHONGYI
BPMCXBU4RJUH,ZIGU88
ZJNZSWF5L9EQ,[auvil] 오빌
ESUV2CPKC2V2,buck703
BXKWAUMUQPGJ,caleo outdoor
BC72RAMZWARG,daya
RMBCWC3BTTGM,fillbin
RPR3CX9BVZZJ,gestuff
EWZYPZZEFWZK,iwatani
VHXR8VGAYK7S,jbj
PUUD9AFZ99UB,oss
TW8URYDUSCS6,solful
7L3REFSXCEAX,stargaze
3J7Z9H26PU4A,tenee
87SLFZJ6C5MD,강블리
CEXJKKNDLBZW,갤러리데코
QBLRKWGY3W7G,고릴라
HTKLLHKJ84E7,고질라
ZJX5HRZEKYQD,고투
5PJB273RL636,골드넥스
7NBGVEZEGV5P,공간LED
UYWEA9GPGU3Z,공간백과
3QLENE6AWVAK,공간하우스
AYYZ6XW49V2B,괄호프로젝트
7WJ8GM8LBAP7,그라비티캠프
PEP4MHUPRXL3,그라운드웍스
FNXV76JUBT8R,글랜필드
R8AH9FU7MULJ,기어팩 GEARPACK
MXP2SDPNBEF3,까사니
5MN3GJ7NCCRL,까사라움
VQMPZG9JP7DQ,까사마루
JYB4XXYNUCNT,꾸미까
7QN7DLSJ9GP7,꾸버스
5H5QT54NXSSR,꿀팝
SN5RF85UBALR,꿈꾸는키친
U5KKURG2UCQS,나눔조명
3SDULG4VV743,나비아
KXV85SQYE7NR,나스카피
JJD4PUWFNVHA,나이트 에어(Night Air)
Q4EF2XLEBTTY,나인스토리
GQTH9SDHBPBM,낫브랜드
8EV7YQ8DWNE6,낭띠
QR4G3MXK5MLF,네오아미코
SWSVNCYBVH8N,네이처아머
YSPUVF3V2WF9,네이처하이크 Naturehike
L2VNL4AH9ZB6,네파
TQN8SX3JAWWX,넥소버
N5L5ZKRDEZVR,넥스그릴
W8HNQFNGYVEF,넥스코
CT3VG2ZVKLLE,노닐
YTF4CHPZDGT5,노르디스크 NORDISK
T66VWRMUBC8F,노르딕캠프
LYVRRG9EW49D,노르웨이숲
3WKAKKS7G9FS,노마드 NOMADE
B6MK9QZX8DY5,노스웨스트소싱
Y3LKXTXE6WU6,누심비
PH9BW8JZBW8A,니드코
DSZ3XJSDEQ7H,니모 NEMO
V95WF6MADDP7,니봇
2M7D6TAXZECK,다니고
KLC7TUFJEWEG,다이렉트박스
C7Q49TZXBQC6,다잡캠핑 DAJAP
TS34YRUGYSKS,닥터캠프
LN9FFZ34MC6M,단순생활
AV38JMB28HY8,대륙의선물
FBDQ8NDW29NX,더나은세상
DYHD9G7DE56J,더베딩샵
4QUEREFJQDX9,더쉘터아웃도어
DL2FPENUTSQQ,더안
AEBBZZ88J4YS,더준
HUWLANR5Q2T5,더파이오니아 우먼
V9MBG2SGHK5E,더퍼스트펭귄
88ALFNDH7YLJ,던
JACKZBT3TCC3,데버스 Daverse
B8WYZM9SRGJM,데이리브
32CH2D3CBR8A,데코뷰
SZ7G5MK4AALN,도쿄캠프
CLFG3WGYK4JG,도토로
XWKU4MJQC3BH,돈돌리나
Q3ADKZVCLRZH,돌핀
5WZ5LC28CDN2,동성정밀
B7EG3DSXHX3S,듀랑고 DURANGO
RZKYEP4A85SP,드롭드롭드롭
WNWF7XDHFN2P,디노데코
WJL2JDU4WDQT,디어캠프
R46C8RXJQUAX,디얼스
XXPAVZZHJZT4,디에츠
6LKWVCH49KX7,디에프퍼니처
JN7WSFDTLW6S,디오디 DOD
QGU77UC483NV,디자인에버
FLN4AVXMSQ2F,디포
Y4QSDLUMGTTL,라그렌
2SYLQFBYJVVT,라레스가구
DJTGKFVWADP9,라르츠
97VDY9XAMXCX,라마하트
URE3L76S7FWN,라메종하우스
HBC6DNDCLFWK,라시에스타 LA SIESTA
2NX8RHL4VDTF,라이트형제
3B89WVZGLMYW,라이펀
WVTNK3U8RW2D,라이프타임
6MWTSP8M7P5J,라익디스
2MBM6GPWDJHA,라홈
8DX2UPAZ2QRX,랭킹몰
G8A4CNB3PEKC,러그박스
ZBXCVMY43BPT,러브앤라이프밸런스
JP42UKWEBVRE,러브트리스
X6533NS7VUDH,런웨이브
76DFWUFE77FS,레나에너지
DVR5ENJ8L2R3,레드랜서
LEXW9DAABTC6,레드스노우
4STS3PGWHTLR,레드코코
SLKH7MUEZQBD,레이낙
HG4U3VEK8PC9,레이지다이어리
JT734877YRFX,레이지문
6J4NFNGA3K44,레이크빌라
5MB49LX4C34V,레저맨
AQZ7QTQC6JKJ,레토
GP47B355JTY7,레트로하우스
JFJZAFXP6SMJ,로고스
PJGHA95VY93D,로버
6PXEXSPENDYK,로손해먹
ACEVC2U2VARB,로우로우
SUTC7TEW7W68,로이체
PUY2Y7DRPAT6,로이첸
ES68ZSHGWRRJ,로제까사
DJRR5ZWS6QB3,로티캠프
B7QY7F77FZLY,론체어
78HBYA3NWPFF,롤리키드
E3VLKDRV8F8F,롬버스
KNYAYEXJ2C9N,루나루나
5EYX9GQ3CX3H,루나솔라
4QURU23E4MNB,루맥스
Y799R3RDM399,루메나 LUMENA
A9MH4TKACYG6,르젠
BT2DF427DBA2,리넥
XNWVVAXD7WRM,리베르떼
WGF6V3CZCNEM,리브맘
J4YNKT9VBQUG,리빙블럭
8JBEJZ9CGSMM,리빙앤모어
HXK8GZQF3T9F,리빙앤트리
QNFCSKQLKUTB,리빙톤
3BCCALFH59DL,리오캠핑
FCLCJR59TKZ6,리큅
NMFGND264JHC,린나이
ESUHLXZGJM2S,린백
UNJFARZYAZNH,마루느루
6HUKTTCCRJ9S,마운트리버
Z2C294D3A3RD,마운트피크
D68B9LL8SU3P,마켓비
LYFHZW7QLCDQ,마크롱
J8FU375ZQ9A3,매드독캠프
5LSYCBC6SN4Z,매직쉐프
DRDAU4CS7NHG,맥벤(McVHEN)
WEPM9FSACP4T,맥스
J2UTYVRHK5XV,맥스콘
MHYP8GB7R9CB,메이튼 Mayton
Z9WJDFTJG95J,메이플캠프
FVWPB3GUSSH7,멜리띠
NE56V4BZ5LYZ,모그원
3VT5WJP5YZDC,모노포레
5JGNZTDCRSL7,모닥 MODAK
5QX4QASVKQGB,모던하우스
P676FQ4NR8MG,모라나이프 MORAKNIV
2TAFXBNFMYFG,모르홈
B255AKJNZEYB,모리츠
G3SWYCD4MM39,모마
9ZJPK8D7ENB4,모비가든
EQ9BQJBJ5NZ7,모스아웃
GWZJ9LUAY5D6,모아이
EKDRAXGE3RU4,모아캠핑
XCX7R7VPQHQH,목스녹스
86NBAAQ54D2Q,몬스터캠핑
M9WFN9LSXXJ3,몬스터프로
GP5TZJLZ5653,몰린
VFKMVZG3JJ4S,몽비쥬
6C6SUMDWF6TR,몽크로스
CYGZXLAA9JYA,무심재목공소
Z8X9NL9BTH3M,문고리닷컴
BJQZ6PJRCZ3F,물오름달
BAKTUJ8HNGCD,뮤토
RLNHY8DUQWYH,미니멀웍스 Minimal Works
HT6BGEDS6W6K,미니브랜드
PBR5ZDAK58KV,미닛츠
F7CDXEPCBUPY,미르카
4QN6PWXCE4LN,밀룩스
ULEXZ38F68AJ,바나나빌딩
5QKF3QQB8DA3,바나나크림
79VGSFHR8PEK,바미르
QD7GHHHXGJZ8,바톤즈
SPJLVLTUVN3Z,반고 Vango
NEMRVMJ69KWS,밥캠핑
XZUWGEH7JH34,밴프
6G29A2JGZWH5,밸류엠
WWB36ULW72WQ,버너비
AG8XHVE4V4G5,버터
NHWTL37TXYY4,버팔로
7VHERJVSTAJ4,벅703
MQ945EA82FXG,번투드
PHK6XY357RRS,벌레없는세상
4MY9X6NM9SBV,범이목공소
5C2HGLVZ86GW,범팔팔
CNSCJUHSMJK3,베누스
JK4QAKN9UB7G,베니굿
E2Z3XEUM74K7,베른
8AJ2EBSACCH7,베베데코
6FF7FX3JXZWX,베스트리빙
CNZ9CX7XXD9X,벤네비스
B4KVBNJ9TGDE,벤트리
ZT5T92QSLFWL,벤하임
8L842W932VKE,벨라스홈
2CNSPVZ4ZSDB,벨라캠핑
CLB8V9SMYQ7M,벨락 Bell Rock
FQ6WEH4LAV4N,보만
RFTFUZPXUQNT,보밀리
H8J5TUZR5APW,보브키친
D5HVLVE2YP3L,보오글
V8FJX66UKM74,보프렌즈
3GQEZXF3TS3B,부린
KSSPMFWB6F5E,불스원
8X37N4YRW75N,브라이튼위크
6HGB3VE9UMDE,브레스에어
A3P6X99XH7HT,브루클린웍스
SYGCV437TSLV,브리츠
CCUU8U4FL3QJ,블랑드라팡
FA7QJUXYZVLA,블랙독
SKVAJVQ4NMTX,블랙몬스터 캠핑
3ZR3B86DHP6Q,블랙벅
DU8A46UE4MLA,블랙스노우
VG9PZSLTVKQJ,블레오
V3D5FG383DB8,비바코
44HWH5GG2MGS,비비딕
LUH8F2SM5UWZ,비스카
29UAZ7LR2996,비캠프
DESHC7ZD86B8,비티글로벌
JHMJVATYS47X,빅이지지
CDUMM9JFBKNH,빅토리녹스
HDH68KQ8QQQV,빈슨메시프 Vinson Massif
886WG32L65UA,빈체로
H6AL8J65DGKJ,빈콜렉터
9LPU3EMES7UV,산켄
RWY4ELURKWYJ,살림일기
X9QD5CENSPSM,상상그램
63PZH6JDSLHR,새신 퀸센스
SJGF2VXHWE79,생활살림
7UPWGNNKPUK9,샤오미
P9JNKA4E9W95,샤토에르
RNGUDM7PUGY9,서울리빙
ZQ53PAUM4ZEC,세신퀸센스
8PPSA63U7DAR,센트팜
NH8ZLKSJFWET,셰퍼
L3J3UDXJ8LS2,소꿉캠핑
9VW7JRDDTU68,소년과나무
Q2Y9RRQPSJUC,소소 공간
ZGVCYZEQ5N74,소소일상
53ZWFQ5UMXEJ,소토 SOTO
5JYLBRQCH95W,솔룸
DJ2HMULJ6EEY,쇼니캠핑
H98T6ZX5QJ8Y,수비다
AAG7T2S7L87F,수제공작소
XS7H2NZ6MAZH,수키수
2HEPZXBFCW8E,수퍼파라다이스
76DB9ARX3Q6W,순캠프
7S9LZ6VCXSCT,쉐필드
N5Q4WCMWM2NX,쉴그릴
8CRK36YC2EJW,슈맥스
RQFPHJYPDCAL,슈브
FCR7A8TAVQTS,슈에뜨룸
5KWA5N9M29RX,슈퍼노바
GBQMN9DUE466,슈퍼메이트
R2WEYMN5B55P,스너그맥스
9W3VJ5T7S2TV,스네프
XP5H4JCWZAR9,스노우라인 Snowline
CMESTG7DJNU8,스노우아울 Snow Owl
QPP4CMQ7WW7A,스노우피크 snow peak
L37Z444VSLVG,스미스앤스미시
W32Z7LF8GFGT,스위스마운틴
SMWHHN6KJZ8F,스위스몽크로스
KCHNYUR8NM5T,스위스밀리터리
727CMD977UZF,스위스알파인클럽
4B6ZRGV8SM67,스카파라
ZDEE2Y95ZFRA,스코겐
VWLBXP8SKAF6,스탠리 STANLEY
473RBHRZENB4,스테이심플
397QGLSXPVU3,스텔톤
JHMTJTTJTXKG,스토리로드
HCSS8VL2XR5N,스토어91
5QLG8SC626DR,스트로만
W88GNVJQGP68,스피엘
PKRBX2EEX2H6,슬로워
78GYCRYM6TP7,시에라디자인
TVBKVGML8GRS,시크레토
UNAHNNWEUC5F,신일
ZBSBRUPW2FB2,썬데이감성
QPASXGKBC4LH,쎄마비
SLUHJ8ZY8PPB,씨투써밋
8E9P3G2PVDRV,아르일랑
ATF2DLZFMBFP,아르테
US63JUUT7MBL,아메리칸베어
VM2XGNQRL6M2,아베나키
Z4S3RX65F2VK,아비스
T3EVG8QVTYKH,아성가구
RLSSNG3PK3YH,아슬란
WSREDL8VKSVJ,아웃팅
YXXZCHNKUTS6,아이든
986THCNXH2ZQ,아이젠베르그
EPKE83WMJN4S,아피크닉
ZKHKMWU9CYRN,안델센아웃도어
ETF5DAK9QHHM,안파
7ZP684HPG5FA,알뜨리
NSLW5XYZZ849,알라딘
RE4ZF64TCF2E,알래스카블랙
ZHF36QMSUG94,알마센
7VGTRFNUPBZJ,알집매트
FQ47KN4DPHS4,알파카 Alpaca
6RGDDUGJXJ4A,알피쿨
ZQKMZGWRWQ72,앳홈
U5X7KUZZ7DFQ,얀카페트
JW8MV6AQGPPF,어네이티브
PGRCVGKE334Q,어바웃캠핑
NDJ6BWGAHZ2X,어반사이드 URBANSIDE
9VW53VP7NB8Q,어반캠퍼
MFVDLCQ6MGBA,어반휴
5ST2SZ784R9P,어솜
G4TT6TCC7DDA,업투유
FQ5G5YVBUDJ7,에너캠프 ENERCAMP
RQKUCPCLFZGF,에르모소
CFCBJLNQUVM8,에브리홈
QMWUUF795X2H,에비히슈타인
445LC73UT6S8,에스디엘
RMDSVNH2DDP2,에스티피크니커
EXKP7BU4CJH9,에어렉스
SAMY6D7UJCS9,에이모노
JH72CUCFPJB2,에이비퍼니쳐
YKSYL4ZPUVFH,에이엠지캠핑
9YEJ5APHAFUK,에이치라운드
PLH4JUF9ED8L,에이치앤아이
SRCGVMRVWSN3,에코팩토리
KXV25L9ZC9R8,에코플로우
F77B36DVQY4B,엑스피크
3YXY3H6GUWJB,엑타코
HYUQCMZV98LR,엔팍
HLY44CDGW8P2,엘투리버스
C4PEPX4E8VNX,엠리빙
HT5JGXVSFU5X,엠플러스캠프
6RXZFYTUTY4A,오델로
7NJ2FKWBVQVM,오르빗프로젝트
NL98DHAM8L8K,오버플로우
AHZQZJDYZNVM,오슬로
HE79ABZDM3FP,오아
GNUP58YDEGWF,오작트레일
P8W8MADHQSZL,오투라이프캠핑
EB3R37SHAHN6,오프슬로우
A3AZ62GC6BPP,오프위크
CAETGDXNZ68H,오피넬 OPINEL
Y3QSJE8RGNPQ,온캠핑
PR5HM8TTFD2U,온핑
FJT47VC5W9H6,올루미
KH6QKGKRVC29,올비아
WQC93579UR8K,올챌린지
KJKYP7JQ36PF,올쿡
BW93Q8MZBJ3L,와일드와일드웨스트 Wild Wild West
H2G3K6PSKXEL,왈로우 Wallow
D6AZWYSUTDGV,우드러쉬
L8LM8NUYVW3B,우드웍스
HSUFLD9MU8KT,울트라서치
PCYAAFMZU38H,울파워
TKKT33SDQEMS,울프독
HSX98CW4WBT3,울프캠핑
89V85KMWEY8U,원더스탠드
KM93DA67JXZ3,원스위크라이프
42RFSV2XRUPY,웨버 Weber
GF7DE8RN52QT,웨이스케이프
G54PUVZTWBP8,웨일테일
Q7BYQHSEH4PM,웰큐
3C73KHP9TT25,위너웰
MA95XU5JMMN9,위드퍼니처
D4DDSU6SD2W8,윅
YDSZPN24JP49,윈드피아
YEFNWBTE23S8,윈디펜스
LZMRQ5KUUKZH,윈코
EP8XEGWF7PHC,윈테크
UW5C3MWERVQC,유니맥스
B8F9XLEZULMQ,유니프레임
K5A4KJU92DK9,유스타캠핑
SGEKKCUMFBKZ,유앤디우드
KX8NREKFLWB5,이거찜
PSUXPCLQ8A6Y,이노크아든
BFPV2DUMLUBH,이바닉코리아
XZTXX6BX4LYC,이소품
R65N7WXYNNDM,이우리빙
GAEXJM2DC93Q,이지리빙
K26LEAXG6DB3,이츠라이프
6UWGAX9SRHBD,이케아
EVJKPCU848ZP,이타카
6KVCBWB58MAS,이티엔
N99LC2C2DCFT,인더스
7F2CMKYYNWZ3,인앤캠핑
WDZRSK3KJTTX,인텍스
DDZV6M74ENDA,인포벨홈쇼핑
A67KXCTDB6RU,인포캐빈
CJV4NNKCVN5K,일일일상
ET35VSET6NR2,자니
5KRBW2D8GYAQ,잡스나이퍼
CK6K2FDQEW7J,쟈칼
JYEJL38BQZ8L,젊은이마켓
972Y3UDAG9HR,제드코리아 ZED KOREA
VGKEVXXGWA7Q,제로그램
R5ABZD3URTUR,제백
AUS9NHC9RS26,제이네이션
HQRJZD2L2BSL,제이라이프
BEH4Z8FL4ZES,제프리공방
MGA8LDRJ64F5,조아캠프
47SXL84FR3J7,조엘리
657UJM72JQFJ,주리아토
QAP5Q5FZLKAA,주주코
GPTPST8BBTFD,지라프 GIRAFFE
UWBHUKFNYBWA,지아지조마켓
DJ7TZDP8679J,지오프리
VV9UVRYWDFAF,지프 Jeep
YFP9Q4QLBPZK,진심디자인
XYWJAAD9M6HV,집드리
QZM969DPNDK9,집수니와 집도리
TYVCV7BXHA3Z,집안
S38X946R2AY2,차팡
DPYHEPEBJZQ7,찹라이프
XZ2PE72MBXMB,칠린
MNJJMMJWEMKZ,카니멀라이프
Y3G3G58AQVWM,카론슨
U7MB2HK4FQMX,카멜레온360
W42HAB8WLZXV,카스
PSXZQBB8JBLF,카이퍼
CKU34GDNY9AE,카즈미 KZM
SUQSTEARJJKE,카트리퍼
XKYP325YVLDM,카페클럽
J8YGVMRUPYHS,카펜터즈 Carpenters
PZQRC3KBT8LV,칼레오
C8973ZT7XMMX,캄푸스
QLJNQ6CN9YRS,캠가
26ZTBNSVMZUR,캠블러
TE54E9ZSDTZ2,캠빌 CAMVIL
HQ5Z5K9NEM38,캠생
F67CZPHQMBXR,캠서퍼
B97DWMM6Z76H,캠지
NVYGQEZF4WX8,캠텔
WA8KXDCSCCSS,캠트래블
TNX75NTGHW2V,캠퍼스파라다이스
VACKA5GD29YW,캠프 365
MKAQEWLTKV2H,캠프365
VFHZQT5LTUNS,캠프듀아
YA5QWVB9PAU9,캠프밸리
ALSEMWN25ZE6,캠피온
PGK9BVFH3QP3,캠피캠
D4S7QPQ2ALSW,캠필드
QSXQKJZ9C33E,캠핑덕
86U54S8ZFALS,캠핑마을
MF8RAFFWXJJF,캠핑문
4K9JCMBHS9HE,캠핑스테이
M25CBGERZQFB,캠핑지구
NT6659L27YC7,캥거
99CXN2B2HPUU,커텐클럽
SBVEDUKDLD2P,컴스마트
XSLZVVXWP4JA,코끼리
JV8HAKG99VSS,코누
62GJXPB4RUSG,코드26
MQ4Q8AAVBX2Y,코로나
ZV4TRJWC6X7V,코마스나인
FCHRFLRUHSPM,코만도
HSY2FGMRC363,코멕스
WEBKHN5YK3P7,코베아 KOVEA
CG632J55258D,코비마운틴
G889CZ2ZCYSC,코스모스
5HKL4L9Y59FD,코스트위드
JCZVQ4YC3LTW,코스트코
AAFMGC3R9F3N,코알라캠핑
4AN7B2667TK4,코일스튜디오
5QX5RTAEWYL4,코지모해
ATEGY5Y9DLMX,코지테이블
62X2VNDMKU9W,코코노
RACW2FQKETU5,코코로팩토리
M6VED2GU2MMN,콕스타
8UACQWXR59CA,콘츠
J54UPP7XCG5Y,콜리타스
NVYT9TQC8TMN,콜맨 Coleman
LUSG65EK83QN,콤마씨
TEDZQ9D3VZPD,쾌청
E3NA56ARKYT9,쿠진아트
94MEZ4MSTXCF,쿨린
Q6VXJPBMUYGK,쿨맨
GMKLJLSURDWU,크로반
6A87YB7WAZDP,크로벨
7NPD5852H45Y,크로슬리
2U944S73Z3NQ,클라이밋
NJT3MPPFZTYA,클래딘
AZACXFD44UPU,클레어마망
BY5K69ND7S7F,키밍
5RFR7BFWCQB5,키이스
XFS9FG5QPXZ7,키친아트
HN3TBSW2DGMH,키커랜드
TMZK9PXATK6Z,킹캠프
L5MV52H5DS2M,탑스힐
3M8UQDA5KGCW,탑앤탑 TOP&TOP
GP3FCGKH5WNU,테르톤
KHBCQ4JUZVN6,테이블포투
ESZYPF7LJUS3,테팔
FJ6CEX9M66M6,텐트마크디자인
D5MBFLCVYJ49,템피아
N9CQD9MAG4SB,토요토미 TOYOTOMI
HCJPEDQZKT3Z,토토비즈
LV44BHRRUU8D,톨른
NEXDLQA59GM9,툴콘
ULAAC2U3EMNV,튜맨 TYUMEN
AN24KGVZCWYZ,튜맨티탄 Tyumen Titan
VNNUVME3YH86,트라우마
K7FTF2BMVR49,트란지아 trangia
WWH9EKN8JYZK,트레블첵
QSCUBMRLYQ3U,트로비스
E6FWG284VAEL,트루바이
WY8XVLSUYLEY,트리빔하우스
DGK84JZL5V7Z,트리스토어
JARMVGMJWNYL,트리플너츠
9NCAXAL5EUL8,트립네이처
635HKFNQLFMR,티나인
LPND7LRC72PK,티랩
LJKHA78ARRFQ,티에라
4DGJMT4Z62E6,파란들
UZRLF5MUT8HW,파세코
DM75C59S3T9D,파이어플라이
KFG46PW5HTWC,파크론
LN82K2WWDUK8,팬벨라 PANVELA
84BHECGSPAFU,퍼니크
WKKNKDL5HGDV,퍼스트리빙
8CRDHNQ34BNC,퍼스트펭귄
D628TRRRPJ89,퍼즈
3FR3NLM6UMPF,펀샵
RB45LBY4M9UW,페인트인포
CNLK5QBSNBR9,페트로막스 Petromax
L9HSNDAGNZPW,펜들턴 PENDLETON
AK6TCHBN34GT,펜소닉
HMAHX8WRD4Q8,펜코
MKJJ5V4W8R3T,펠리칸
3TG5VXZ95RTK,포럼에잇
P5ZBWALAU4YU,포스트레이딩
ZNCTHT6Q4U3J,폴라
86SK3HXYKQX9,폴라리스 POLARIS
DK7HKUBKEL2B,폴러스터프 Polerstuff
S8XPJD42HAAN,폴레오캠핑
SXJE3DJ4JX6L,퓨어핸드 FEUER HAND
R9WTDTLKW6NJ,프라미스
HXQPC4MTWV6Q,프랜디
LMDR6MPYDHRG,프리머스
YZW73AJSLT3S,프리큐
QKDLV78L5K79,프리폼
TJS4S8BK6PR6,프시케
KHFKZVY98VZE,프티트리아농
UT7NC3JYPKW2,플랜40 PLANFORTY
H59FHNLMBE6P,플린트
UBVPWBQ59PDP,피크파크
6MW6UZDE25P2,픽홈
M3SK533VDRCD,핀콕
7C8TDAFX29PQ,필립스
5CMLTK9LLQ6Y,필모아
UQPF39GZFG5N,하늘창가구
D5JX6J282S8Z,하드기어
RF54HC3RF54G,하울스홈
WWXFZCMCMJRX,하이그라운즈
K9VUYDJNXFCK,하이나이스
LJMH4L3Z972H,하이런
WAMJAUES3B3G,하이메이드
XJZLT8TW59WG,하이브로우
RRNFD77KC7Z4,하이홈테크
EJYLKA8JQJVX,하임플래닛
8PTTVXCY8P64,한샘
JBPENDBKCTC8,한솔
TKPRZCCHPZRZ,한스갤러리
XL2UY4L79HGE,해튼
6DNT7EAZV72X,허킨스
DQYT9N98UVF8,헤이릴렉스캄다운
H7AS3GSV3G2A,헬로그라운드
QFJ2JQRRT7W6,헬로우캠핑
CC8WYPZH3KZD,헬리녹스 Helinox
CPA23BHQLET9,호파츠
C4UCZFTMWFVU,홀러
EPDKUBZSBDHW,홈드리머
A8J9JT7GAVVM,홈랩
E3CS8KH9RPSJ,홈마블
YNNF7826QQW3,홈앤하우스
HJN5TCS7T569,홈프랜드
YRL3M4PZ4SP3,휘게로
3QSMNKYARQX6,휘겔리
B8HEMK863SWQ,휴먼
52W23XJNJ8N5,휴빅
4SLYQPDNGCYQ,휴앤봇
E3KKFWJH99R2,히치하이커
SGSY2A8CN4FB,힐레베르그 HILLEBERG
6DNBD2BZ38G2,힐맨
